date,rain_mm
01/01/2022,0.0
02/01/2022,0.04
03/01/2022,0.04
04/01/2022,0.0
05/01/2022,0.05
06/01/2022,0.0
07/01/2022,0.01
08/01/2022,0.0
09/01/2022,0.02
10/01/2022,0.0
11/01/2022,0.0
12/01/2022,0.0
13/01/2022,0.0
14/01/2022,0.0
15/01/2022,0.0
16/01/2022,0.0
17/01/2022,0.0
18/01/2022,0.0
19/01/2022,0.0
20/01/2022,0.0
21/01/2022,0.0
22/01/2022,0.0
23/01/2022,0.0
24/01/2022,0.0
25/01/2022,0.0
26/01/2022,0.0
27/01/2022,0.0
28/01/2022,0.0
29/01/2022,0.0
30/01/2022,0.0
31/01/2022,0.0
01/02/2022,0.0
02/02/2022,0.0
03/02/2022,0.0
04/02/2022,0.0
05/02/2022,0.0
06/02/2022,0.0
07/02/2022,0.0
08/02/2022,0.01
09/02/2022,0.0
10/02/2022,0.0
11/02/2022,0.0
12/02/2022,0.0
13/02/2022,0.0
14/02/2022,0.0
15/02/2022,0.0
16/02/2022,0.0
17/02/2022,0.0
18/02/2022,0.0
19/02/2022,0.0
20/02/2022,0.0
21/02/2022,0.0
22/02/2022,0.01
23/02/2022,0.0
24/02/2022,0.0
25/02/2022,0.0
26/02/2022,0.0
27/02/2022,0.0
28/02/2022,0.22
01/03/2022,0.05
02/03/2022,0.0
03/03/2022,0.0
04/03/2022,0.0
05/03/2022,0.01
06/03/2022,0.0
07/03/2022,0.08
08/03/2022,0.95
09/03/2022,0.02
10/03/2022,0.0
11/03/2022,0.0
12/03/2022,0.0
13/03/2022,0.0
14/03/2022,0.0
15/03/2022,0.0
16/03/2022,0.0
17/03/2022,0.0
18/03/2022,0.0
19/03/2022,0.0
20/03/2022,0.0
21/03/2022,0.0
22/03/2022,0.59
23/03/2022,0.21
24/03/2022,0.0
25/03/2022,0.0
26/03/2022,0.0
27/03/2022,0.0
28/03/2022,0.0
29/03/2022,0.0
30/03/2022,0.0
31/03/2022,0.0
01/04/2022,0.0
02/04/2022,0.0
03/04/2022,0.0
04/04/2022,0.0
05/04/2022,0.0
06/04/2022,0.0
07/04/2022,0.0
08/04/2022,0.0
09/04/2022,0.1
10/04/2022,0.01
11/04/2022,0.0
12/04/2022,0.0
13/04/2022,0.0
14/04/2022,0.0
15/04/2022,0.01
16/04/2022,0.0
17/04/2022,0.0
18/04/2022,0.06
19/04/2022,0.03
20/04/2022,0.0
21/04/2022,0.0
22/04/2022,0.5
23/04/2022,0.73
24/04/2022,0.31
25/04/2022,0.76
26/04/2022,4.49
27/04/2022,1.0
28/04/2022,0.0
29/04/2022,0.0
30/04/2022,0.0
01/05/2022,0.01
02/05/2022,2.75
03/05/2022,0.36
04/05/2022,4.79
05/05/2022,0.55
06/05/2022,0.01
07/05/2022,3.8
08/05/2022,0.57
09/05/2022,0.65
10/05/2022,4.1
11/05/2022,0.77
12/05/2022,0.01
13/05/2022,0.01
14/05/2022,0.03
15/05/2022,4.03
16/05/2022,1.13
17/05/2022,0.03
18/05/2022,0.01
19/05/2022,0.0
20/05/2022,3.03
21/05/2022,2.18
22/05/2022,0.25
23/05/2022,0.05
24/05/2022,0.02
25/05/2022,0.0
26/05/2022,0.0
27/05/2022,3.95
28/05/2022,0.32
29/05/2022,0.0
30/05/2022,2.64
31/05/2022,0.53
01/06/2022,0.0
02/06/2022,4.25
03/06/2022,1.0
04/06/2022,0.0
05/06/2022,0.07
06/06/2022,0.02
07/06/2022,0.0
08/06/2022,2.12
09/06/2022,3.54
10/06/2022,1.47
11/06/2022,0.03
12/06/2022,0.01
13/06/2022,0.52
14/06/2022,0.28
15/06/2022,4.02
16/06/2022,0.97
17/06/2022,1.22
18/06/2022,0.42
19/06/2022,0.06
20/06/2022,0.9
21/06/2022,1.83
22/06/2022,1.74
23/06/2022,1.22
24/06/2022,0.02
25/06/2022,0.72
26/06/2022,0.17
27/06/2022,0.0
28/06/2022,0.05
29/06/2022,0.01
30/06/2022,0.06
01/07/2022,6.75
02/07/2022,2.61
03/07/2022,0.14
04/07/2022,0.01
05/07/2022,0.0
06/07/2022,0.0
07/07/2022,2.65
08/07/2022,0.2
09/07/2022,0.02
10/07/2022,0.02
11/07/2022,0.06
12/07/2022,0.03
13/07/2022,0.0
14/07/2022,0.45
15/07/2022,0.23
16/07/2022,0.0
17/07/2022,2.05
18/07/2022,0.89
19/07/2022,0.0
20/07/2022,0.4
21/07/2022,1.12
22/07/2022,0.05
23/07/2022,0.0
24/07/2022,0.01
25/07/2022,0.0
26/07/2022,4.01
27/07/2022,2.86
28/07/2022,0.01
29/07/2022,0.03
30/07/2022,1.02
31/07/2022,0.38
01/08/2022,0.0
02/08/2022,0.59
03/08/2022,0.31
04/08/2022,0.0
05/08/2022,0.01
06/08/2022,0.55
07/08/2022,7.01
08/08/2022,2.39
09/08/2022,0.0
10/08/2022,2.86
11/08/2022,0.83
12/08/2022,0.59
13/08/2022,3.71
14/08/2022,2.84
15/08/2022,0.01
16/08/2022,3.05
17/08/2022,2.24
18/08/2022,0.39
19/08/2022,0.82
20/08/2022,0.4
21/08/2022,0.05
22/08/2022,4.18
23/08/2022,10.48
24/08/2022,5.34
25/08/2022,5.94
26/08/2022,12.38
27/08/2022,6.09
28/08/2022,2.53
29/08/2022,0.66
30/08/2022,0.04
31/08/2022,0.0
01/09/2022,0.03
02/09/2022,2.56
03/09/2022,9.93
04/09/2022,5.41
05/09/2022,0.0
06/09/2022,0.0
07/09/2022,6.59
08/09/2022,2.52
09/09/2022,2.04
10/09/2022,1.01
11/09/2022,0.0
12/09/2022,0.53
13/09/2022,5.14
14/09/2022,4.66
15/09/2022,0.91
16/09/2022,17.81
17/09/2022,32.37
18/09/2022,17.46
19/09/2022,1.88
20/09/2022,1.41
21/09/2022,6.35
22/09/2022,13.2
23/09/2022,4.07
24/09/2022,1.07
25/09/2022,3.37
26/09/2022,1.38
27/09/2022,0.08
28/09/2022,0.0
29/09/2022,0.02
30/09/2022,0.12
01/10/2022,0.22
02/10/2022,1.89
03/10/2022,2.24
04/10/2022,0.01
05/10/2022,5.02
06/10/2022,2.38
07/10/2022,8.01
08/10/2022,12.6
09/10/2022,6.91
10/10/2022,2.2
11/10/2022,9.47
12/10/2022,5.64
13/10/2022,15.29
14/10/2022,4.57
15/10/2022,0.05
16/10/2022,0.03
17/10/2022,5.65
18/10/2022,2.77
19/10/2022,2.23
20/10/2022,1.74
21/10/2022,0.06
22/10/2022,0.15
23/10/2022,0.33
24/10/2022,0.07
25/10/2022,1.3
26/10/2022,49.84
27/10/2022,17.54
28/10/2022,1.1
29/10/2022,0.28
30/10/2022,5.59
31/10/2022,11.72
01/11/2022,4.99
02/11/2022,0.59
03/11/2022,0.0
04/11/2022,0.03
05/11/2022,6.34
06/11/2022,1.67
07/11/2022,0.04
08/11/2022,0.02
09/11/2022,5.91
10/11/2022,13.07
11/11/2022,7.08
12/11/2022,2.61
13/11/2022,5.27
14/11/2022,3.59
15/11/2022,1.77
16/11/2022,1.54
17/11/2022,0.2
18/11/2022,1.08
19/11/2022,1.07
20/11/2022,0.31
21/11/2022,0.01
22/11/2022,0.18
23/11/2022,0.03
24/11/2022,1.52
25/11/2022,0.56
26/11/2022,0.07
27/11/2022,0.01
28/11/2022,0.0
29/11/2022,0.0
30/11/2022,0.0
01/12/2022,0.0
02/12/2022,0.0
03/12/2022,0.64
04/12/2022,0.78
05/12/2022,0.68
06/12/2022,0.11
07/12/2022,2.28
08/12/2022,1.25
09/12/2022,0.55
10/12/2022,24.38
11/12/2022,7.47
12/12/2022,0.03
13/12/2022,9.85
14/12/2022,6.15
15/12/2022,2.5
16/12/2022,0.67
17/12/2022,0.0
18/12/2022,0.0
19/12/2022,0.0
20/12/2022,0.05
21/12/2022,0.0
22/12/2022,0.0
23/12/2022,0.0
24/12/2022,0.0
25/12/2022,0.0
26/12/2022,0.0
27/12/2022,0.0
28/12/2022,0.0
29/12/2022,0.0
30/12/2022,0.0
31/12/2022,0.0
