date,plot_id,area_ha,net_demand_mm,delivery_efficiency
08/02/2022,land_0_0_2,1,30.00,0.48
08/02/2022,land_10_0_2,4,30.00,0.48
08/02/2022,land_10_1_2,8,30.00,0.48
08/02/2022,land_1_1_2,4,30.00,0.48
08/02/2022,land_2_0_2,1,30.00,0.48
08/02/2022,land_3_1_2,4,30.00,0.48
08/02/2022,land_4_0_2,1,30.00,0.48
08/02/2022,land_5_1_2,4,30.00,0.48
08/02/2022,land_7_0_2,1,30.00,0.48
08/02/2022,land_7_1_2,8,30.00,0.48
08/02/2022,land_8_0_2,4,30.00,0.48
08/02/2022,land_9_1_2,8,30.00,0.48
15/02/2022,land_0_0_2,1,30.00,0.48
15/02/2022,land_10_0_2,4,30.00,0.48
15/02/2022,land_10_1_2,8,30.00,0.48
15/02/2022,land_1_1_2,4,30.00,0.48
15/02/2022,land_2_0_2,1,30.00,0.48
15/02/2022,land_3_1_2,4,30.00,0.48
15/02/2022,land_4_0_2,1,30.00,0.48
15/02/2022,land_5_1_2,4,30.00,0.48
15/02/2022,land_7_0_2,1,30.00,0.48
15/02/2022,land_7_1_2,8,30.00,0.48
15/02/2022,land_8_0_2,4,30.00,0.48
15/02/2022,land_9_1_2,8,30.00,0.48
22/02/2022,land_0_0_2,1,29.328,0.48
22/02/2022,land_10_0_2,4,29.328,0.48
22/02/2022,land_10_1_2,8,29.328,0.48
22/02/2022,land_1_1_2,4,29.328,0.48
22/02/2022,land_2_0_2,1,29.328,0.48
22/02/2022,land_3_1_2,4,29.328,0.48
22/02/2022,land_4_0_2,1,29.328,0.48
22/02/2022,land_5_1_2,4,29.328,0.48
22/02/2022,land_7_0_2,1,29.328,0.48
22/02/2022,land_7_1_2,8,29.328,0.48
22/02/2022,land_8_0_2,4,29.328,0.48
22/02/2022,land_9_1_2,8,29.328,0.48
01/03/2022,land_0_0_2,1,30.00,0.48
01/03/2022,land_10_0_2,4,30.00,0.48
01/03/2022,land_10_1_2,8,30.00,0.48
01/03/2022,land_1_1_2,4,30.00,0.48
01/03/2022,land_2_0_2,1,30.00,0.48
01/03/2022,land_3_1_2,4,30.00,0.48
01/03/2022,land_4_0_2,1,30.00,0.48
01/03/2022,land_5_1_2,4,30.00,0.48
01/03/2022,land_7_0_2,1,30.00,0.48
01/03/2022,land_7_1_2,8,30.00,0.48
01/03/2022,land_8_0_2,4,30.00,0.48
01/03/2022,land_9_1_2,8,30.00,0.48
08/03/2022,land_0_0_2,1,30.00,0.48
08/03/2022,land_10_0_2,4,30.00,0.48
08/03/2022,land_10_1_2,8,30.00,0.48
08/03/2022,land_1_1_2,4,30.00,0.48
08/03/2022,land_2_0_2,1,30.00,0.48
08/03/2022,land_3_1_2,4,30.00,0.48
08/03/2022,land_4_0_2,1,30.00,0.48
08/03/2022,land_5_1_2,4,30.00,0.48
08/03/2022,land_7_0_2,1,30.00,0.48
08/03/2022,land_7_1_2,8,30.00,0.48
08/03/2022,land_8_0_2,4,30.00,0.48
08/03/2022,land_9_1_2,8,30.00,0.48
15/03/2022,land_0_0_2,1,30.00,0.48
15/03/2022,land_10_0_2,4,30.00,0.48
15/03/2022,land_10_1_2,8,30.00,0.48
15/03/2022,land_1_1_2,4,30.00,0.48
15/03/2022,land_2_0_2,1,30.00,0.48
15/03/2022,land_3_1_2,4,30.00,0.48
15/03/2022,land_4_0_2,1,30.00,0.48
15/03/2022,land_5_1_2,4,30.00,0.48
15/03/2022,land_7_0_2,1,30.00,0.48
15/03/2022,land_7_1_2,8,30.00,0.48
15/03/2022,land_8_0_2,4,30.00,0.48
15/03/2022,land_9_1_2,8,30.00,0.48
22/03/2022,land_0_0_2,1,29.904,0.48
22/03/2022,land_10_0_2,4,29.904,0.48
22/03/2022,land_10_1_2,8,29.904,0.48
22/03/2022,land_1_1_2,4,29.904,0.48
22/03/2022,land_2_0_2,1,29.904,0.48
22/03/2022,land_3_1_2,4,29.904,0.48
22/03/2022,land_4_0_2,1,29.904,0.48
22/03/2022,land_5_1_2,4,29.904,0.48
22/03/2022,land_7_0_2,1,29.904,0.48
22/03/2022,land_7_1_2,8,29.904,0.48
22/03/2022,land_8_0_2,4,29.904,0.48
22/03/2022,land_9_1_2,8,29.904,0.48
29/03/2022,land_0_0_2,1,29.992,0.48
29/03/2022,land_10_0_2,4,29.992,0.48
29/03/2022,land_10_1_2,8,29.992,0.48
29/03/2022,land_1_1_2,4,29.992,0.48
29/03/2022,land_2_0_2,1,29.992,0.48
29/03/2022,land_3_1_2,4,29.992,0.48
29/03/2022,land_4_0_2,1,29.992,0.48
29/03/2022,land_5_1_2,4,29.992,0.48
29/03/2022,land_7_0_2,1,29.992,0.48
29/03/2022,land_7_1_2,8,29.992,0.48
29/03/2022,land_8_0_2,4,29.992,0.48
29/03/2022,land_9_1_2,8,29.992,0.48
05/04/2022,land_0_0_2,1,29.752,0.48
05/04/2022,land_10_0_2,4,29.752,0.48
05/04/2022,land_10_1_2,8,29.752,0.48
05/04/2022,land_1_1_2,4,29.752,0.48
05/04/2022,land_2_0_2,1,29.752,0.48
05/04/2022,land_3_1_2,4,29.752,0.48
05/04/2022,land_4_0_2,1,29.752,0.48
05/04/2022,land_5_1_2,4,29.752,0.48
05/04/2022,land_7_0_2,1,29.752,0.48
05/04/2022,land_7_1_2,8,29.752,0.48
05/04/2022,land_8_0_2,4,29.752,0.48
05/04/2022,land_9_1_2,8,29.752,0.48
12/04/2022,land_0_0_2,1,27.368,0.48
12/04/2022,land_10_0_2,4,27.368,0.48
12/04/2022,land_10_1_2,8,27.368,0.48
12/04/2022,land_1_1_2,4,27.368,0.48
12/04/2022,land_2_0_2,1,27.368,0.48
12/04/2022,land_3_1_2,4,27.368,0.48
12/04/2022,land_4_0_2,1,27.368,0.48
12/04/2022,land_5_1_2,4,27.368,0.48
12/04/2022,land_7_0_2,1,27.368,0.48
12/04/2022,land_7_1_2,8,27.368,0.48
12/04/2022,land_8_0_2,4,27.368,0.48
12/04/2022,land_9_1_2,8,27.368,0.48
19/04/2022,land_0_0_2,1,0,0.48
19/04/2022,land_10_0_2,4,0,0.48
19/04/2022,land_10_1_2,8,0,0.48
19/04/2022,land_1_1_2,4,0,0.48
19/04/2022,land_2_0_2,1,0,0.48
19/04/2022,land_3_1_2,4,0,0.48
19/04/2022,land_4_0_2,1,0,0.48
19/04/2022,land_5_1_2,4,0,0.48
19/04/2022,land_7_0_2,1,0,0.48
19/04/2022,land_7_1_2,8,0,0.48
19/04/2022,land_8_0_2,4,0,0.48
19/04/2022,land_9_1_2,8,0,0.48
20/04/2022,land_0_1_2,4,0,0.48
20/04/2022,land_11_0_2,4,0,0.48
20/04/2022,land_11_1_2,8,0,0.48
20/04/2022,land_1_0_2,1,0,0.48
20/04/2022,land_2_1_2,4,0,0.48
20/04/2022,land_3_0_2,1,0,0.48
20/04/2022,land_4_1_2,4,0,0.48
20/04/2022,land_5_0_2,1,0,0.48
20/04/2022,land_6_0_2,1,0,0.48
20/04/2022,land_6_1_2,8,0,0.48
20/04/2022,land_8_1_2,8,0,0.48
20/04/2022,land_9_0_2,4,0,0.48
26/04/2022,land_0_0_2,1,14.360,0.48
26/04/2022,land_10_0_2,4,14.360,0.48
26/04/2022,land_10_1_2,8,14.360,0.48
26/04/2022,land_1_1_2,4,14.360,0.48
26/04/2022,land_2_0_2,1,14.360,0.48
26/04/2022,land_3_1_2,4,14.360,0.48
26/04/2022,land_4_0_2,1,14.360,0.48
26/04/2022,land_5_1_2,4,14.360,0.48
26/04/2022,land_7_0_2,1,14.360,0.48
26/04/2022,land_7_1_2,8,14.360,0.48
26/04/2022,land_8_0_2,4,14.360,0.48
26/04/2022,land_9_1_2,8,14.360,0.48
27/04/2022,land_0_1_2,4,16.824,0.48
27/04/2022,land_11_0_2,4,16.824,0.48
27/04/2022,land_11_1_2,8,16.824,0.48
27/04/2022,land_1_0_2,1,16.824,0.48
27/04/2022,land_2_1_2,4,16.824,0.48
27/04/2022,land_3_0_2,1,16.824,0.48
27/04/2022,land_4_1_2,4,16.824,0.48
27/04/2022,land_5_0_2,1,16.824,0.48
27/04/2022,land_6_0_2,1,16.824,0.48
27/04/2022,land_6_1_2,8,16.824,0.48
27/04/2022,land_8_1_2,8,16.824,0.48
27/04/2022,land_9_0_2,4,16.824,0.48
01/05/2022,land_0_0_2_3,1,0,0.48
01/05/2022,land_0_1_2_3,4,0,0.48
01/05/2022,land_10_0_2_3,4,0,0.48
01/05/2022,land_10_1_2_3,8,0,0.48
01/05/2022,land_11_0_2_3,4,0,0.48
01/05/2022,land_11_1_2_3,8,0,0.48
01/05/2022,land_1_0_2_3,1,0,0.48
01/05/2022,land_1_1_2_3,4,0,0.48
01/05/2022,land_2_0_2_3,1,0,0.48
01/05/2022,land_2_1_2_3,4,0,0.48
01/05/2022,land_3_0_2_3,1,0,0.48
01/05/2022,land_3_1_2_3,4,0,0.48
01/05/2022,land_4_0_2_3,1,0,0.48
01/05/2022,land_4_1_2_3,4,0,0.48
01/05/2022,land_5_0_2_3,1,0,0.48
01/05/2022,land_5_1_2_3,4,0,0.48
01/05/2022,land_6_0_2_3,1,0,0.48
01/05/2022,land_6_1_2_3,8,0,0.48
01/05/2022,land_7_0_2_3,1,0,0.48
01/05/2022,land_7_1_2_3,8,0,0.48
01/05/2022,land_8_0_2_3,4,0,0.48
01/05/2022,land_8_1_2_3,8,0,0.48
01/05/2022,land_9_0_2_3,4,0,0.48
01/05/2022,land_9_1_2_3,8,0,0.48
03/05/2022,land_0_0_2,1,17.504,0.48
03/05/2022,land_10_0_2,4,17.504,0.48
03/05/2022,land_10_1_2,8,17.504,0.48
03/05/2022,land_1_1_2,4,17.504,0.48
03/05/2022,land_2_0_2,1,17.504,0.48
03/05/2022,land_3_1_2,4,17.504,0.48
03/05/2022,land_4_0_2,1,17.504,0.48
03/05/2022,land_5_1_2,4,17.504,0.48
03/05/2022,land_7_0_2,1,17.504,0.48
03/05/2022,land_7_1_2,8,17.504,0.48
03/05/2022,land_8_0_2,4,17.504,0.48
03/05/2022,land_9_1_2,8,17.504,0.48
04/05/2022,land_0_1_2,4,18.504,0.48
04/05/2022,land_11_0_2,4,18.504,0.48
04/05/2022,land_11_1_2,8,18.504,0.48
04/05/2022,land_1_0_2,1,18.504,0.48
04/05/2022,land_2_1_2,4,18.504,0.48
04/05/2022,land_3_0_2,1,18.504,0.48
04/05/2022,land_4_1_2,4,18.504,0.48
04/05/2022,land_5_0_2,1,18.504,0.48
04/05/2022,land_6_0_2,1,18.504,0.48
04/05/2022,land_6_1_2,8,18.504,0.48
04/05/2022,land_8_1_2,8,18.504,0.48
04/05/2022,land_9_0_2,4,18.504,0.48
10/05/2022,land_0_0_2,1,22.576,0.48
10/05/2022,land_10_0_2,4,22.576,0.48
10/05/2022,land_10_1_2,8,22.576,0.48
10/05/2022,land_1_1_2,4,22.576,0.48
10/05/2022,land_2_0_2,1,22.576,0.48
10/05/2022,land_3_1_2,4,22.576,0.48
10/05/2022,land_4_0_2,1,22.576,0.48
10/05/2022,land_5_1_2,4,22.576,0.48
10/05/2022,land_7_0_2,1,22.576,0.48
10/05/2022,land_7_1_2,8,22.576,0.48
10/05/2022,land_8_0_2,4,22.576,0.48
10/05/2022,land_9_1_2,8,22.576,0.48
11/05/2022,land_0_1_2,4,20.440,0.48
11/05/2022,land_11_0_2,4,20.440,0.48
11/05/2022,land_11_1_2,8,20.440,0.48
11/05/2022,land_1_0_2,1,20.440,0.48
11/05/2022,land_2_1_2,4,20.440,0.48
11/05/2022,land_3_0_2,1,20.440,0.48
11/05/2022,land_4_1_2,4,20.440,0.48
11/05/2022,land_5_0_2,1,20.440,0.48
11/05/2022,land_6_0_2,1,20.440,0.48
11/05/2022,land_6_1_2,8,20.440,0.48
11/05/2022,land_8_1_2,8,20.440,0.48
11/05/2022,land_9_0_2,4,20.440,0.48
17/05/2022,land_0_0_2,1,14.296,0.48
17/05/2022,land_10_0_2,4,14.296,0.48
17/05/2022,land_10_1_2,8,14.296,0.48
17/05/2022,land_1_1_2,4,14.296,0.48
17/05/2022,land_2_0_2,1,14.296,0.48
17/05/2022,land_3_1_2,4,14.296,0.48
17/05/2022,land_4_0_2,1,14.296,0.48
17/05/2022,land_5_1_2,4,14.296,0.48
17/05/2022,land_7_0_2,1,14.296,0.48
17/05/2022,land_7_1_2,8,14.296,0.48
17/05/2022,land_8_0_2,4,14.296,0.48
17/05/2022,land_9_1_2,8,14.296,0.48
18/05/2022,land_0_1_2,4,13.392,0.48
18/05/2022,land_11_0_2,4,13.392,0.48
18/05/2022,land_11_1_2,8,13.392,0.48
18/05/2022,land_1_0_2,1,13.392,0.48
18/05/2022,land_2_1_2,4,13.392,0.48
18/05/2022,land_3_0_2,1,13.392,0.48
18/05/2022,land_4_1_2,4,13.392,0.48
18/05/2022,land_5_0_2,1,13.392,0.48
18/05/2022,land_6_0_2,1,13.392,0.48
18/05/2022,land_6_1_2,8,13.392,0.48
18/05/2022,land_8_1_2,8,13.392,0.48
18/05/2022,land_9_0_2,4,13.392,0.48
24/05/2022,land_0_0_2,1,10.616,0.48
24/05/2022,land_10_0_2,4,10.616,0.48
24/05/2022,land_10_1_2,8,10.616,0.48
24/05/2022,land_1_1_2,4,10.616,0.48
24/05/2022,land_2_0_2,1,10.616,0.48
24/05/2022,land_3_1_2,4,10.616,0.48
24/05/2022,land_4_0_2,1,10.616,0.48
24/05/2022,land_5_1_2,4,10.616,0.48
24/05/2022,land_7_0_2,1,10.616,0.48
24/05/2022,land_7_1_2,8,10.616,0.48
24/05/2022,land_8_0_2,4,10.616,0.48
24/05/2022,land_9_1_2,8,10.616,0.48
25/05/2022,land_0_1_2,4,5.016,0.48
25/05/2022,land_11_0_2,4,5.016,0.48
25/05/2022,land_11_1_2,8,5.016,0.48
25/05/2022,land_1_0_2,1,5.016,0.48
25/05/2022,land_2_1_2,4,5.016,0.48
25/05/2022,land_3_0_2,1,5.016,0.48
25/05/2022,land_4_1_2,4,5.016,0.48
25/05/2022,land_5_0_2,1,5.016,0.48
25/05/2022,land_6_0_2,1,5.016,0.48
25/05/2022,land_6_1_2,8,5.016,0.48
25/05/2022,land_8_1_2,8,5.016,0.48
25/05/2022,land_9_0_2,4,5.016,0.48
01/06/2022,land_0_1_2,4,0,0.48
01/06/2022,land_11_0_2,4,0,0.48
01/06/2022,land_11_1_2,8,0,0.48
01/06/2022,land_1_0_2,1,0,0.48
01/06/2022,land_2_1_2,4,0,0.48
01/06/2022,land_3_0_2,1,0,0.48
01/06/2022,land_4_1_2,4,0,0.48
01/06/2022,land_5_0_2,1,0,0.48
01/06/2022,land_6_0_2,1,0,0.48
01/06/2022,land_6_1_2,8,0,0.48
01/06/2022,land_8_1_2,8,0,0.48
01/06/2022,land_9_0_2,4,0,0.48
08/06/2022,land_0_1_2,4,0,0.48
08/06/2022,land_11_0_2,4,0,0.48
08/06/2022,land_11_1_2,8,0,0.48
08/06/2022,land_1_0_2,1,0,0.48
08/06/2022,land_2_1_2,4,0,0.48
08/06/2022,land_3_0_2,1,0,0.48
08/06/2022,land_4_1_2,4,0,0.48
08/06/2022,land_5_0_2,1,0,0.48
08/06/2022,land_6_0_2,1,0,0.48
08/06/2022,land_6_1_2,8,0,0.48
08/06/2022,land_8_1_2,8,0,0.48
08/06/2022,land_9_0_2,4,0,0.48
15/06/2022,land_0_1_2,4,16.064,0.48
15/06/2022,land_11_0_2,4,16.064,0.48
15/06/2022,land_11_1_2,8,16.064,0.48
15/06/2022,land_1_0_2,1,16.064,0.48
15/06/2022,land_2_1_2,4,16.064,0.48
15/06/2022,land_3_0_2,1,16.064,0.48
15/06/2022,land_4_1_2,4,16.064,0.48
15/06/2022,land_5_0_2,1,16.064,0.48
15/06/2022,land_6_0_2,1,16.064,0.48
15/06/2022,land_6_1_2,8,16.064,0.48
15/06/2022,land_8_1_2,8,16.064,0.48
15/06/2022,land_9_0_2,4,16.064,0.48
22/06/2022,land_0_1_2,4,28.840,0.48
22/06/2022,land_11_0_2,4,28.840,0.48
22/06/2022,land_11_1_2,8,28.840,0.48
22/06/2022,land_1_0_2,1,28.840,0.48
22/06/2022,land_2_1_2,4,28.840,0.48
22/06/2022,land_3_0_2,1,28.840,0.48
22/06/2022,land_4_1_2,4,28.840,0.48
22/06/2022,land_5_0_2,1,28.840,0.48
22/06/2022,land_6_0_2,1,28.840,0.48
22/06/2022,land_6_1_2,8,28.840,0.48
22/06/2022,land_8_1_2,8,28.840,0.48
22/06/2022,land_9_0_2,4,28.840,0.48
29/06/2022,land_0_1_2,4,27.312,0.48
29/06/2022,land_11_0_2,4,27.312,0.48
29/06/2022,land_11_1_2,8,27.312,0.48
29/06/2022,land_1_0_2,1,27.312,0.48
29/06/2022,land_2_1_2,4,27.312,0.48
29/06/2022,land_3_0_2,1,27.312,0.48
29/06/2022,land_4_1_2,4,27.312,0.48
29/06/2022,land_5_0_2,1,27.312,0.48
29/06/2022,land_6_0_2,1,27.312,0.48
29/06/2022,land_6_1_2,8,27.312,0.48
29/06/2022,land_8_1_2,8,27.312,0.48
29/06/2022,land_9_0_2,4,27.312,0.48
06/07/2022,land_0_1_2,4,8.768,0.48
06/07/2022,land_11_0_2,4,8.768,0.48
06/07/2022,land_11_1_2,8,8.768,0.48
06/07/2022,land_1_0_2,1,8.768,0.48
06/07/2022,land_2_1_2,4,8.768,0.48
06/07/2022,land_3_0_2,1,8.768,0.48
06/07/2022,land_4_1_2,4,8.768,0.48
06/07/2022,land_5_0_2,1,8.768,0.48
06/07/2022,land_6_0_2,1,8.768,0.48
06/07/2022,land_6_1_2,8,8.768,0.48
06/07/2022,land_8_1_2,8,8.768,0.48
06/07/2022,land_9_0_2,4,8.768,0.48
13/07/2022,land_0_1_2,4,13.400,0.48
13/07/2022,land_11_0_2,4,13.400,0.48
13/07/2022,land_11_1_2,8,13.400,0.48
13/07/2022,land_1_0_2,1,13.400,0.48
13/07/2022,land_2_1_2,4,13.400,0.48
13/07/2022,land_3_0_2,1,13.400,0.48
13/07/2022,land_4_1_2,4,13.400,0.48
13/07/2022,land_5_0_2,1,13.400,0.48
13/07/2022,land_6_0_2,1,13.400,0.48
13/07/2022,land_6_1_2,8,13.400,0.48
13/07/2022,land_8_1_2,8,13.400,0.48
13/07/2022,land_9_0_2,4,13.400,0.48
20/07/2022,land_0_1_2,4,0,0.48
20/07/2022,land_11_0_2,4,0,0.48
20/07/2022,land_11_1_2,8,0,0.48
20/07/2022,land_1_0_2,1,0,0.48
20/07/2022,land_2_1_2,4,0,0.48
20/07/2022,land_3_0_2,1,0,0.48
20/07/2022,land_4_1_2,4,0,0.48
20/07/2022,land_5_0_2,1,0,0.48
20/07/2022,land_6_0_2,1,0,0.48
20/07/2022,land_6_1_2,8,0,0.48
20/07/2022,land_8_1_2,8,0,0.48
20/07/2022,land_9_0_2,4,0,0.48
27/07/2022,land_0_1_2,4,18.208,0.48
27/07/2022,land_11_0_2,4,18.208,0.48
27/07/2022,land_11_1_2,8,18.208,0.48
27/07/2022,land_1_0_2,1,18.208,0.48
27/07/2022,land_2_1_2,4,18.208,0.48
27/07/2022,land_3_0_2,1,18.208,0.48
27/07/2022,land_4_1_2,4,18.208,0.48
27/07/2022,land_5_0_2,1,18.208,0.48
27/07/2022,land_6_0_2,1,18.208,0.48
27/07/2022,land_6_1_2,8,18.208,0.48
27/07/2022,land_8_1_2,8,18.208,0.48
27/07/2022,land_9_0_2,4,18.208,0.48
03/08/2022,land_0_1_2,4,26.576,0.48
03/08/2022,land_11_0_2,4,26.576,0.48
03/08/2022,land_11_1_2,8,26.576,0.48
03/08/2022,land_1_0_2,1,26.576,0.48
03/08/2022,land_2_1_2,4,26.576,0.48
03/08/2022,land_3_0_2,1,26.576,0.48
03/08/2022,land_4_1_2,4,26.576,0.48
03/08/2022,land_5_0_2,1,26.576,0.48
03/08/2022,land_6_0_2,1,26.576,0.48
03/08/2022,land_6_1_2,8,26.576,0.48
03/08/2022,land_8_1_2,8,26.576,0.48
03/08/2022,land_9_0_2,4,26.576,0.48
