plot_id,area_ha,family_alias,planting_date,harvest_date
land_0_0_2,1.0,MAS_PeasantFamily1,01/02/2022,01/06/2022
land_0_1_2,4.0,MAS_PeasantFamily7,13/04/2022,11/08/2022
land_10_0_2,4.0,MAS_PeasantFamily6,01/02/2022,01/06/2022
land_10_1_2,8.0,MAS_PeasantFamily12,01/02/2022,01/06/2022
land_11_0_2,4.0,MAS_PeasantFamily6,13/04/2022,11/08/2022
land_11_1_2,8.0,MAS_PeasantFamily12,13/04/2022,11/08/2022
land_1_0_2,1.0,MAS_PeasantFamily1,13/04/2022,11/08/2022
land_1_1_2,4.0,MAS_PeasantFamily7,01/02/2022,01/06/2022
land_2_0_2,1.0,MAS_PeasantFamily2,01/02/2022,01/06/2022
land_2_1_2,4.0,MAS_PeasantFamily8,13/04/2022,11/08/2022
land_3_0_2,1.0,MAS_PeasantFamily2,13/04/2022,11/08/2022
land_3_1_2,4.0,MAS_PeasantFamily8,01/02/2022,01/06/2022
land_4_0_2,1.0,MAS_PeasantFamily3,01/02/2022,01/06/2022
land_4_1_2,4.0,MAS_PeasantFamily9,13/04/2022,11/08/2022
land_5_0_2,1.0,MAS_PeasantFamily3,13/04/2022,11/08/2022
land_5_1_2,4.0,MAS_PeasantFamily9,01/02/2022,01/06/2022
land_6_0_2,1.0,MAS_PeasantFamily4,13/04/2022,11/08/2022
land_6_1_2,8.0,MAS_PeasantFamily10,13/04/2022,11/08/2022
land_7_0_2,1.0,MAS_PeasantFamily4,01/02/2022,01/06/2022
land_7_1_2,8.0,MAS_PeasantFamily10,01/02/2022,01/06/2022
land_8_0_2,4.0,MAS_PeasantFamily5,01/02/2022,01/06/2022
land_8_1_2,8.0,MAS_PeasantFamily11,13/04/2022,11/08/2022
land_9_0_2,4.0,MAS_PeasantFamily5,13/04/2022,11/08/2022
land_9_1_2,8.0,MAS_PeasantFamily11,01/02/2022,01/06/2022
