plot_id,area_ha
land_0_0_2,1
land_0_0_2_3,1
land_0_1_2,4
land_0_1_2_3,4
land_10_0_2,4
land_10_0_2_3,4
land_10_1_2,8
land_10_1_2_3,8
land_11_0_2,4
land_11_0_2_3,4
land_11_1_2,8
land_11_1_2_3,8
land_1_0_2,1
land_1_0_2_3,1
land_1_1_2,4
land_1_1_2_3,4
land_2_0_2,1
land_2_0_2_3,1
land_2_1_2,4
land_2_1_2_3,4
land_3_0_2,1
land_3_0_2_3,1
land_3_1_2,4
land_3_1_2_3,4
land_4_0_2,1
land_4_0_2_3,1
land_4_1_2,4
land_4_1_2_3,4
land_5_0_2,1
land_5_0_2_3,1
land_5_1_2,4
land_5_1_2_3,4
land_6_0_2,1
land_6_0_2_3,1
land_6_1_2,8
land_6_1_2_3,8
land_7_0_2,1
land_7_0_2_3,1
land_7_1_2,8
land_7_1_2_3,8
land_8_0_2,4
land_8_0_2_3,4
land_8_1_2,8
land_8_1_2_3,8
land_9_0_2,4
land_9_0_2_3,4
land_9_1_2,8
land_9_1_2_3,8
